Title,Snippet,URL
"Canoe Market Size, Growth & Trends Report [2024-2030]
","Global ""Canoe Market"" report indicates a consistent and robust growth pattern in recent times, which is expected to continue positively until 2030. A prominent trend in the Canoe market is the increasing demand for products that are environmentally sustainable and eco-friendly.",https://www.linkedin.com/pulse/canoe-market-size-growth-trends-report-2024-2030-dj66f
"Canoe Market Size In 2023 : Share, Trends, Opportunities Analysis Forecast Report By 2030
","""Canoe Market"" is expected to witness significant growth in the coming years, primarily driven by the growing demand for (Fishing, Recreational, Touring, Transport), Based on the type, the market can be segmented into (Plastic, Fiber Reinforced Composites, Aluminum, Wood, Other). The report presents",https://www.linkedin.com/pulse/canoe-market-size-2023-share-trends-opportunities
About Us - Leading Technology and Automotive Company | Canoo,"We are on a mission to bring EVs to everyone. With breakthrough technology and advanced design, we are reinventing the EV landscape for fleet and retail vehicles.",https://www.canoo.com/about/
Canoo - Wikipedia,,https://en.wikipedia.org/wiki/Canoo
Electric Vehicle Company Canoo To List On Nasdaq Through Merger With Hennessy Capital Acquisition Corp IV :: Canoo Inc. (GOEV),,https://investors.canoo.com/news-presentations/press-releases/detail/5/electric-vehicle-company-canoo-to-list-on-nasdaq-through
"Canoe and Kayak Market Growth, Size, Share, Trends, Analysis, Segmentation, & Forecast by 2029.","Canoe and Kayak Market growth at a rate of 2.50% by 2029. It is divided by type, product type, applications, distribution channel, country, Industry Trends, & Forecast by 2029.",https://www.databridgemarketresearch.com/reports/global-canoe-and-kayak-market
,,https://dcf.fm/blogs/blog/goev-porters-five-forces-analysis
Internship Coding Assignment,Internship Assignment 2024 Coding Challenge,https://www.lizmotors.com/internship-coding-assignment2024/
,,https://dcf.fm/blogs/blog/goev-bcg-matrix
Canoo Inc. - Finpedia,Canoo Inc.,https://finpedia.co/bin/Canoo%20Inc./
goev-20211231,,https://investors.canoo.com/sec-filings/all-sec-filings/content/0001628280-22-004514/goev-20211231.htm
The Evolution of Consumer Behavior: Marketing Trends to Stay Ahead,"In today's dynamic marketplace, understanding consumer behavior is crucial for businesses to stay ahead of the competition. Consumer behavior has undergone significant evolution, influenced by various factors such as technology, social media, and changing lifestyles.",https://www.linkedin.com/pulse/evolution-consumer-behavior-marketing-trends-stay-ahead
The Impact of Technology on Consumer Behaviour,The influence of technology on consumer behaviour is impossible to ignore. Discover how to empower your startegy with right technology.,https://www.thekeenfolks.com/blog-article/the-impact-of-technology-on-consumer-behaviour
Navigating the Shifting Tides: Consumer Behaviour Trends,Stay ahead with insights on evolving consumer Behaviour trends. Understand shifting market dynamics and adapt your strategy effectively.,https://www.market-xcel.com/blogs/navigating-the-shifting-tides-consumer-behaviour-trends
The Power of Online Sales Research in Identifying Market Trends,Unlock the secrets of market trends through researching online sales - your business's game changer!,https://aicontentfy.com/en/blog/power-of-online-sales-research-in-identifying-market-trends
Income Statement :: Canoo Inc. (GOEV),,https://investors.canoo.com/financial-information/income-statement
Canoo Inc. - Finpedia,Canoo Inc.,https://finpedia.co/bin/Canoo%20Inc./
Internship Coding Assignment,Internship Assignment 2024 Coding Challenge,https://www.lizmotors.com/internship-coding-assignment2024/
,,https://investors.canoo.com/sec-filings/all-sec-filings/content/0001628280-23-009932/0001628280-23-009932.pdf
